,이름,연도팀,출장,출장,완투,완봉,선발,승,패,세,홀드,이닝,실점,자책,타자,안타,2타,3타,홈런,볼넷,고4,사구,삼진,보크,폭투,WAR,WPA,ERA,FIP,WHIP,ERA+,FIP
0,주권,20K,40,40,0,0,0,4,2,0,16,39.1,16,15,166,34,7,0,4,15,1,0,27,0,0,3.43,4.62,1.25,140.8,103.2,1.35,0.44
1,배재환,20N,40,40,0,0,0,1,3,0,12,33.1,16,14,157,29,6,2,2,24,3,5,27,1,4,3.78,5.10,1.59,129.6,94.3,0.86,-1.49
2,진해수,20L,39,39,0,0,0,1,1,0,15,26.2,11,10,119,30,3,0,1,10,0,2,28,0,1,3.38,3.34,1.50,138.6,141.6,0.79,-0.26
3,김윤수,20삼,37,37,0,0,0,2,2,0,8,37.2,18,15,164,35,5,0,3,16,2,1,24,0,3,3.58,4.56,1.35,139.1,107.9,0.90,-0.38
4,최지광,20삼,37,37,0,0,0,1,0,0,12,33.1,10,10,144,20,5,0,0,23,3,3,37,0,4,2.70,3.45,1.29,184.6,140.9,1.65,0.97
5,서진용,20S,36,36,0,0,0,0,5,2,10,33.1,20,16,143,27,4,0,6,16,1,1,37,0,5,4.32,5.16,1.29,111.1,95.4,0.41,-1.25
6,이현승,20두,36,36,0,0,0,2,0,2,6,28.0,15,13,123,29,6,0,1,12,0,1,27,1,2,4.18,3.53,1.46,112.2,133.7,0.55,0.25
7,임정호,20N,36,36,0,0,0,2,2,0,11,25.0,14,12,105,17,3,0,1,12,0,3,16,0,0,4.32,4.64,1.16,113.4,104.0,0.43,0.72
8,김정빈,20S,35,35,0,0,0,0,0,1,9,31.1,18,15,140,21,6,0,1,25,0,3,34,0,4,4.31,4.52,1.47,111.4,106.9,0.46,0.40
9,박민호,20S,35,35,0,0,0,1,0,4,5,31.0,8,7,128,23,6,0,1,11,0,2,24,0,0,2.03,3.73,1.10,236.1,129.9,1.53,0.39
10,이영준,20키,35,35,0,0,0,1,3,0,17,28.0,13,13,118,28,2,0,4,10,0,1,23,1,2,4.18,4.99,1.36,113.4,93.7,0.73,1.22
11,정우영,20L,34,34,0,0,0,2,1,5,9,44.0,13,13,175,28,3,0,2,13,3,4,33,0,1,2.66,3.64,0.93,175.9,129.4,2.00,1.85
12,홍건희,20K두,34,34,0,0,0,1,2,1,8,41.0,22,21,171,39,7,3,7,11,0,2,39,0,2,4.61,4.87,1.22,103.5,96.4,0.78,-0.90
13,박진우,20N,34,34,0,0,0,2,1,0,6,31.2,18,16,137,31,5,0,1,8,1,5,14,0,0,4.55,4.26,1.23,107.7,113.1,0.42,0.11
14,전상현,20K,33,33,0,0,0,1,0,7,12,34.0,9,6,134,19,2,0,2,16,0,0,45,0,2,1.59,3.13,1.03,312.4,158.5,1.84,1.91
15,원종현,20N,33,33,0,0,0,3,3,17,0,33.1,18,18,141,31,2,0,4,12,1,1,26,0,2,4.86,4.68,1.29,100.8,103.7,0.67,1.08
16,이승현,20삼,33,33,0,0,0,0,2,0,8,32.0,15,15,132,28,4,1,7,14,1,0,33,0,1,4.22,5.60,1.31,118.2,89.2,0.79,0.12
17,박진형,20롯,33,33,0,0,0,1,2,0,13,28.0,15,15,121,34,12,0,5,8,1,1,34,0,1,4.82,4.35,1.50,100.9,111.2,0.58,-0.43
18,김동준,20키,32,32,0,0,0,5,0,0,8,43.2,17,16,175,38,7,1,1,10,1,3,29,0,1,3.30,3.39,1.10,143.7,140.7,1.27,0.81
19,구승민,20롯,32,32,0,0,0,3,0,0,12,35.1,10,9,128,19,3,0,5,9,1,0,33,0,1,2.29,4.25,0.79,212.2,113.7,1.61,1.56
20,양현,20키,32,32,0,0,0,6,2,1,7,34.1,10,10,137,32,5,1,1,7,0,3,21,0,1,2.62,3.63,1.14,180.8,131.5,1.37,-0.15
21,박상원,20한,32,32,0,0,0,0,0,0,7,30.1,23,20,142,37,8,1,6,15,3,2,25,0,2,5.93,5.91,1.71,80.7,82.0,0.03,-0.36
22,박치국,20두,31,31,0,0,0,3,1,0,3,40.2,22,15,182,36,6,1,1,22,3,3,32,0,1,3.32,3.97,1.43,141.2,119.0,0.68,0.17
23,박준표,20K,31,31,0,0,0,4,0,0,10,32.1,8,5,122,24,1,0,1,2,0,0,27,0,0,1.39,2.52,0.80,356.5,195.0,1.66,1.10
24,우규민,20삼,31,31,0,0,0,2,1,7,6,29.0,18,17,122,31,6,0,2,4,1,0,16,0,0,5.28,3.70,1.21,94.5,132.4,0.32,0.68
25,유원상,20K,30,30,0,0,0,1,0,0,6,32.2,14,14,131,25,4,0,5,10,0,0,21,0,3,3.86,5.22,1.07,125.3,90.8,0.83,-0.18
26,김재윤,20K,30,30,0,0,0,2,3,11,0,30.1,16,16,133,37,1,0,5,8,1,0,31,0,0,4.75,4.39,1.48,101.8,108.0,0.56,-1.18
27,김상수,20키,30,30,0,0,0,2,1,0,8,26.2,15,13,119,27,7,0,3,12,0,1,28,0,0,4.39,4.42,1.46,108.0,105.9,0.33,-0.80
28,조상우,20키,29,29,0,0,0,3,1,19,0,31.2,3,2,124,23,3,0,1,6,0,1,33,0,0,0.57,2.59,0.92,833.9,183.0,2.37,2.02
29,김원중,20롯,29,29,0,0,0,2,1,12,0,30.0,9,6,116,21,2,0,4,8,0,0,23,0,0,1.80,4.60,0.97,270.3,105.0,1.59,0.53
30,김진영,20한,29,29,0,0,0,0,3,0,4,25.0,17,14,116,27,1,0,4,13,0,1,30,0,3,5.04,4.96,1.60,95.0,97.8,0.22,-1.23
31,최동현,20두,28,28,0,0,5,4,0,0,0,53.2,25,25,234,62,13,1,6,13,0,3,38,1,0,4.19,4.53,1.40,111.8,102.5,1.30,0.36
32,고영창,20K,28,28,0,0,0,1,1,0,2,34.2,14,14,151,44,6,0,2,6,2,1,15,2,5,3.63,3.92,1.44,136.5,123.8,0.99,-0.18
33,함덕주,20두,28,28,0,0,0,3,1,10,2,28.2,13,12,123,27,4,0,0,11,2,0,30,0,6,3.77,2.45,1.33,124.4,194.4,0.84,-0.14
34,윤명준,20두,28,28,0,0,0,0,0,2,6,27.0,16,14,115,32,4,0,4,3,0,1,13,0,0,4.67,5.01,1.30,100.4,92.3,0.34,0.18
35,박시영,20롯,28,28,0,0,0,1,1,0,1,22.0,23,23,109,26,7,0,4,17,0,1,16,0,1,9.41,6.96,1.96,51.7,69.2,-0.60,-1.20
36,오현택,20롯,28,28,0,0,0,3,1,0,6,19.0,10,10,81,22,4,1,3,5,1,1,11,0,1,4.74,5.28,1.42,102.7,91.3,0.38,-0.01
37,최동환,20L,27,27,0,0,0,1,0,0,1,32.0,18,17,136,37,6,1,5,9,0,1,23,0,0,4.78,5.13,1.44,97.8,90.3,0.40,-0.23
38,김재웅,20키,27,27,0,0,2,0,2,0,1,31.2,16,12,141,37,11,0,2,13,1,1,28,0,3,3.41,3.88,1.58,139.0,121.6,0.51,-1.00
39,이인복,20롯,27,27,0,0,1,1,4,0,2,27.1,8,8,112,29,5,0,0,5,0,1,11,0,1,2.63,3.45,1.24,184.7,139.1,1.11,-0.67
40,강윤구,20N,27,27,0,0,0,1,1,0,3,18.2,14,14,93,30,7,0,3,9,0,0,14,0,2,6.75,5.63,2.09,72.6,86.3,-0.05,-0.60
41,최성훈,20L,26,26,0,0,0,0,0,0,0,18.1,11,11,80,18,3,1,1,7,1,1,15,0,1,5.40,3.82,1.36,86.6,123.2,0.17,-0.12
42,문경찬,20K,25,25,0,0,0,0,2,10,0,24.0,15,14,109,29,5,1,6,6,0,2,26,0,0,5.25,5.68,1.46,94.5,87.3,0.27,-0.21
43,김대현,20L,25,25,0,0,0,3,0,0,3,23.1,19,17,111,27,7,0,6,15,1,0,22,0,1,6.56,6.86,1.80,71.3,66.9,-0.21,-0.45
44,채지선,20두,25,25,0,0,0,0,0,0,2,23.0,12,12,110,27,3,1,1,13,0,4,24,0,7,4.70,4.29,1.74,99.8,109.6,0.41,-0.12
45,노성호,20삼,25,25,0,0,0,0,1,0,8,20.1,8,6,90,15,2,0,1,15,0,1,17,0,3,2.66,4.93,1.48,187.7,99.1,0.64,0.00
46,홍상삼,20K,24,24,0,0,0,1,5,0,5,23.1,7,7,105,11,4,0,2,26,0,1,35,0,7,2.70,5.18,1.59,183.8,95.1,1.19,-0.14
47,김범수,20한,23,23,0,0,7,3,6,0,0,52.1,33,31,243,51,11,2,9,38,3,3,50,0,1,5.33,6.10,1.70,89.8,79.4,0.59,-1.06
48,여건욱,20L,23,23,0,0,0,1,3,1,2,25.2,24,22,115,33,8,1,8,4,0,3,16,0,2,7.71,7.22,1.44,60.6,63.3,-0.31,-0.94
49,윤대경,20한,23,23,0,0,0,1,0,0,1,22.2,9,5,105,24,3,0,2,12,2,2,19,0,0,1.99,4.66,1.59,241.2,103.7,0.83,0.17
50,장지훈,20삼,23,23,0,0,0,0,1,0,0,22.1,27,21,115,29,3,0,3,17,0,2,19,0,4,8.46,6.20,2.06,58.9,79.6,-0.64,-0.82
51,송은범,20L,23,23,0,0,1,1,2,2,2,22.0,16,16,107,34,6,1,2,10,0,2,8,0,1,6.55,5.69,2.00,71.5,82.6,0.01,-0.78
52,조현우,20K,23,23,0,0,0,0,1,1,4,21.2,6,6,87,15,3,0,1,10,1,1,14,0,1,2.49,4.29,1.15,193.9,111.6,1.00,0.40
53,정우람,20한,22,22,0,0,0,1,1,8,0,26.1,12,12,108,24,5,1,0,6,1,4,26,0,1,4.10,2.65,1.14,116.8,181.0,0.87,1.26
54,이태양,20한S,22,22,0,0,0,0,0,0,1,22.2,23,22,110,34,5,1,4,10,1,0,20,0,1,8.74,5.32,1.94,54.9,91.9,-0.29,-0.13
55,송명기,20N,22,22,0,0,0,1,0,0,0,21.0,11,11,88,20,2,0,3,8,1,0,21,0,2,4.71,4.46,1.33,103.9,109.1,0.38,-0.27
56,이형범,20두,22,22,0,0,0,1,2,1,1,20.1,17,17,97,22,5,0,3,13,2,2,10,0,0,7.52,6.45,1.72,62.3,71.8,-0.26,-2.18
57,김종수,20한,22,22,0,0,0,1,0,0,3,19.2,13,12,92,24,5,3,3,7,0,1,14,0,3,5.49,5.38,1.58,87.2,90.1,0.20,-0.11
58,진명호,20롯,22,22,0,0,0,0,1,0,2,16.0,17,17,77,13,3,0,2,16,0,0,17,0,1,9.56,6.10,1.81,50.9,79.0,-0.45,-1.28
59,조덕길,20키,21,21,0,0,0,0,0,0,1,24.2,10,10,102,22,6,0,2,6,0,1,14,0,1,3.65,4.37,1.14,129.9,108.1,0.54,-0.48
60,송승준,20롯,21,21,0,0,0,2,1,0,1,24.1,12,12,113,27,3,2,2,13,2,2,24,0,3,4.44,4.30,1.64,109.6,111.9,0.45,-0.87
61,이상규,20L,21,21,0,0,0,2,2,4,1,21.0,15,15,103,28,6,1,2,15,0,1,12,0,2,6.43,5.98,2.05,72.8,78.5,-0.04,-0.77
62,박희수,20S,21,21,0,0,0,0,1,0,0,19.0,13,13,86,24,5,0,4,6,0,0,19,0,2,6.16,5.28,1.58,77.9,93.3,0.14,-0.17
63,안우진,20키,21,21,0,0,0,0,2,0,6,17.2,8,8,74,11,1,0,1,11,0,0,22,0,1,4.08,3.71,1.25,116.3,127.0,0.47,-0.62
64,조영우,20S,20,20,0,0,0,1,0,0,0,27.2,21,20,129,37,6,0,4,10,0,2,13,0,1,6.51,5.84,1.70,73.7,83.7,0.08,-0.36
65,김대우,20롯,20,20,0,0,1,0,1,0,0,23.1,11,11,96,16,4,0,0,15,0,0,19,1,4,4.24,3.90,1.33,114.7,123.2,0.44,-0.11
66,오승환,20삼,20,20,0,0,0,1,2,8,2,22.0,11,11,98,24,5,1,1,10,0,1,17,0,1,4.50,4.14,1.55,110.8,117.7,0.55,-0.06
67,이보근,20K,20,20,0,0,0,0,0,2,3,21.2,5,5,81,14,2,0,1,5,1,0,6,0,2,2.08,4.20,0.88,232.6,114.2,0.90,0.63
68,강재민,20한,20,20,0,0,0,0,0,0,4,19.2,8,6,86,17,5,0,0,9,1,0,27,1,1,2.75,2.07,1.32,174.4,232.3,0.64,0.12
69,임현준,20삼,20,20,0,0,0,0,1,0,0,11.1,5,3,51,12,2,0,2,4,0,3,7,0,1,2.38,6.51,1.41,209.3,76.2,0.29,-0.36
70,데스파이네,20K,19,19,0,0,19,10,5,0,0,116.0,55,52,498,126,22,1,10,32,0,6,95,0,8,4.03,4.06,1.36,119.8,117.1,2.14,0.68
71,정영일,20S,19,19,0,0,0,2,1,1,1,16.1,12,12,73,18,2,0,6,5,0,2,14,0,3,6.61,7.95,1.41,72.6,62.3,0.01,-0.13
72,김대우,20삼,18,18,0,0,6,3,4,0,1,56.2,27,22,244,58,12,1,5,19,0,5,27,0,0,3.49,5.06,1.36,142.7,97.0,1.26,-0.15
73,김민수,20K,18,18,0,0,9,2,4,0,0,53.2,43,36,253,79,7,0,7,18,0,2,32,0,3,6.04,5.22,1.81,80.0,90.9,-0.60,-1.86
74,전유수,20K,18,18,0,0,0,1,1,0,0,19.0,13,13,85,21,3,0,2,10,0,0,9,0,0,6.16,5.60,1.63,78.5,85.0,0.10,-0.20
75,홍정우,20삼,18,18,0,0,0,0,0,0,0,18.0,12,11,81,19,4,0,1,6,0,1,17,0,0,5.50,3.60,1.39,90.6,135.9,0.16,0.02
76,강동연,20N,18,18,0,0,0,1,2,0,1,17.1,13,12,76,18,2,0,3,8,1,1,14,0,0,6.23,5.62,1.50,78.6,86.5,-0.03,-0.60
77,이상화,20K,18,18,0,0,0,1,1,0,1,15.0,9,9,65,11,2,0,2,10,2,0,7,0,1,5.40,6.00,1.40,89.5,79.6,0.16,-0.12
78,알칸타라,20두,17,17,1,0,17,10,1,0,0,109.1,35,33,442,102,21,1,8,17,0,5,98,0,1,2.72,3.36,1.09,172.5,138.9,4.30,2.59
79,스트레일리,20롯,17,17,0,0,17,6,3,0,0,108.2,29,24,425,79,12,0,6,26,0,3,111,0,4,1.99,3.07,0.97,244.8,156.7,4.55,2.24
80,요키시,20키,17,17,0,0,17,10,3,0,0,106.0,32,25,416,92,17,3,6,17,0,3,65,0,2,2.12,3.67,1.03,223.3,128.9,3.82,2.45
81,서폴드,20한,17,17,1,1,17,5,9,0,0,102.0,69,58,454,131,22,3,8,18,0,9,59,0,7,5.12,4.26,1.46,93.6,113.5,0.62,-1.17
82,유희관,20두,17,17,0,0,17,7,6,0,0,90.2,59,51,414,125,24,3,10,29,4,2,34,0,0,5.06,5.18,1.70,92.6,90.0,0.32,-1.45
83,핀토,20S,17,17,0,0,17,4,8,0,0,90.2,67,57,442,120,23,1,5,52,2,8,50,1,6,5.66,5.13,1.90,84.8,94.5,-0.27,-1.55
84,양현종,20K,17,17,0,0,17,7,6,0,0,89.2,59,56,396,103,25,3,11,30,0,2,77,0,3,5.62,4.55,1.48,88.3,108.1,0.50,-1.02
85,이원준,20S,17,17,0,0,0,0,1,0,0,19.1,17,17,100,28,5,2,3,16,2,0,17,0,7,7.91,6.03,2.28,60.6,81.2,-0.09,-0.61
86,안영명,20한,17,17,0,0,0,1,1,0,0,18.2,14,12,87,25,6,0,2,6,0,2,17,0,0,5.79,4.46,1.66,82.8,108.5,0.07,-0.27
87,문동욱,20한,17,17,0,0,0,0,1,1,1,16.1,8,7,75,12,2,0,2,15,1,1,9,0,2,3.86,6.84,1.65,124.1,70.8,0.40,-0.07
88,브룩스,20K,16,16,1,1,16,7,3,0,0,104.2,28,27,410,92,13,0,3,20,0,2,82,1,3,2.32,3.04,1.07,213.7,161.1,4.89,2.64
89,뷰캐넌,20삼,16,16,1,0,16,9,6,0,0,102.1,47,44,423,101,11,2,10,27,0,5,63,0,1,3.87,4.58,1.25,128.8,107.5,2.23,0.76
90,루친스키,20N,16,16,0,0,16,11,1,0,0,101.1,28,26,415,85,6,0,7,32,0,4,91,0,7,2.31,3.77,1.16,212.1,128.6,4.03,2.01
91,켈리,20L,16,16,0,0,16,5,6,0,0,95.1,47,45,403,104,21,0,8,23,0,5,76,0,3,4.25,3.98,1.33,110.1,117.7,1.40,0.18
92,문승원,20S,16,16,1,0,16,3,7,0,0,94.0,43,39,387,88,21,0,10,23,0,4,76,0,2,3.73,4.23,1.18,128.5,115.7,2.20,0.08
93,윌슨,20L,16,16,0,0,16,6,6,0,0,93.1,49,40,406,97,13,1,7,33,0,3,71,1,2,3.86,4.21,1.39,121.3,111.5,1.10,-0.30
94,이영하,20두,16,16,0,0,16,3,6,0,0,89.1,61,53,422,111,19,1,5,46,0,4,57,1,3,5.34,4.73,1.76,87.8,99.5,0.17,-1.52
95,라이트,20N,16,16,0,0,16,6,4,0,0,88.2,41,40,378,84,14,0,8,37,0,5,74,1,3,4.06,4.52,1.37,120.7,107.2,1.81,-0.57
96,최원태,20키,16,16,0,0,16,6,4,0,0,86.2,55,49,375,92,12,0,13,23,1,6,56,0,5,5.09,5.23,1.33,93.2,89.6,0.21,-0.33
97,임규빈,20키,16,16,0,0,0,1,0,0,1,18.0,9,9,77,19,5,0,5,6,0,1,10,0,1,4.50,7.27,1.39,105.3,64.0,0.31,-0.18
98,이현호,20한,16,16,0,0,0,0,2,0,0,15.1,12,11,75,18,0,0,4,10,0,1,15,1,3,6.46,7.19,1.83,74.2,67.5,0.04,-0.84
99,정해영,20K,16,16,0,0,0,3,0,0,1,15.1,2,2,56,9,2,0,1,5,0,1,17,0,2,1.17,3.40,0.91,422.6,145.0,0.85,0.09
100,신정락,20한,16,16,0,0,0,0,1,0,0,12.0,12,12,57,15,3,1,2,7,0,2,14,0,2,9.00,5.68,1.83,53.2,85.2,-0.15,-0.23
101,가뇽,20K,15,15,0,0,15,6,4,0,0,84.0,42,36,365,78,19,5,2,33,0,5,81,0,5,3.86,3.34,1.32,128.6,146.7,1.64,-0.27
102,박종훈,20S,15,15,0,0,15,5,5,0,0,81.2,47,45,355,80,8,2,7,38,0,6,81,0,2,4.96,4.35,1.45,96.7,112.1,0.77,-0.85
103,한현희,20키,15,15,0,0,15,6,5,0,0,80.1,54,52,361,98,12,1,5,20,1,11,64,2,2,5.83,3.94,1.47,81.4,120.4,-0.23,-0.42
104,장시환,20한,15,15,0,0,15,3,6,0,0,79.1,39,37,355,78,13,1,8,44,0,5,84,0,4,4.20,4.65,1.54,114.1,104.3,1.68,0.01
105,박세웅,20롯,15,15,0,0,15,5,5,0,0,78.0,48,44,350,90,15,0,12,28,0,3,60,0,11,5.08,5.25,1.51,95.8,91.9,0.57,-1.28
106,원태인,20삼,15,15,0,0,14,6,3,0,0,77.2,38,33,344,88,16,1,10,29,1,3,46,0,3,3.82,5.29,1.51,130.4,93.4,1.55,0.04
107,김민우,20한,15,15,0,0,14,2,7,0,0,77.0,41,37,343,69,7,0,10,37,2,5,73,2,4,4.32,4.95,1.38,110.7,97.8,1.43,-0.31
108,이재학,20N,15,15,0,0,15,4,5,0,0,75.0,47,47,334,82,17,1,9,34,0,4,50,1,3,5.64,5.35,1.55,86.9,90.8,0.22,-0.64
109,이승호,20키,15,15,0,0,15,3,4,0,0,72.1,45,43,315,81,12,0,9,26,0,3,50,1,2,5.35,5.04,1.48,88.6,93.3,0.29,-0.02
110,김주온,20S,15,15,0,0,0,0,3,0,0,16.0,12,12,77,22,3,0,2,9,0,3,10,0,0,6.75,6.22,1.94,71.1,78.3,0.04,-0.67
111,황영국,20한,15,15,0,0,0,0,0,0,4,13.2,11,11,67,16,3,0,3,8,1,2,15,0,2,7.24,6.23,1.76,66.1,77.7,-0.03,-0.25
112,김세현,20S,15,15,0,0,0,1,0,0,3,13.1,11,11,64,19,3,0,3,8,0,0,8,0,0,7.43,7.12,2.03,64.6,68.8,-0.12,-0.79
113,하재훈,20S,15,15,0,0,0,1,1,4,0,13.0,13,11,66,19,3,0,2,8,0,0,10,0,1,7.62,5.91,2.08,63.0,82.7,-0.58,-2.12
114,김강률,20두,15,15,0,0,0,1,2,0,0,12.2,10,7,64,15,3,1,0,11,0,3,11,0,0,4.97,5.18,2.05,94.2,91.8,-0.04,-0.18
115,김정훈,20N,15,15,0,0,0,1,1,0,2,12.1,14,14,55,11,3,0,4,9,0,1,13,0,2,10.22,8.14,1.62,48.0,60.1,-0.39,-0.72
116,김택형,20S,15,15,0,0,0,1,0,0,2,11.2,11,11,58,15,2,1,2,9,0,0,12,0,5,8.49,6.08,2.06,56.5,80.4,-0.20,-0.22
117,임창민,20N,15,15,0,0,0,2,1,0,2,11.0,15,13,58,13,4,1,1,9,0,1,13,0,1,10.64,5.14,2.00,46.1,94.0,-0.88,-1.26
118,임찬규,20L,14,14,0,0,13,7,4,0,0,80.0,39,35,343,77,17,0,8,28,0,4,73,0,1,3.94,4.27,1.31,118.8,109.1,1.14,0.26
119,서준원,20롯,14,14,0,0,14,5,4,0,0,70.2,42,38,311,83,9,0,10,22,1,5,37,0,3,4.84,5.50,1.49,100.5,87.7,0.58,-0.36
120,임기영,20K,14,14,0,0,14,6,6,0,0,70.2,44,37,304,80,18,1,7,21,0,4,57,1,2,4.71,4.34,1.43,105.3,113.2,0.58,-0.67
121,이건욱,20S,14,14,0,0,12,4,4,0,0,64.2,31,31,267,51,6,3,6,33,0,3,44,1,3,4.31,5.11,1.30,111.2,95.1,1.33,-0.01
122,권오준,20삼,14,14,0,0,0,0,2,0,0,13.1,13,13,58,17,2,1,2,2,0,0,8,0,0,8.78,4.80,1.43,56.8,103.3,-0.15,-0.47
123,송윤준,20한,14,14,0,0,0,0,0,0,0,12.1,3,3,56,10,3,0,0,9,0,1,12,0,3,2.19,4.09,1.54,218.7,118.4,0.43,0.02
124,권혁,20두,14,14,0,0,0,2,2,0,2,7.0,9,8,34,10,1,1,0,3,0,0,6,0,0,10.29,3.17,1.86,45.6,150.6,-0.41,-0.14
125,구창모,20N,13,13,0,0,13,9,0,0,0,87.0,17,15,324,54,11,0,6,17,0,0,99,0,2,1.55,2.81,0.82,315.7,173.1,4.44,2.82
126,쿠에바스,20K,13,13,0,0,13,5,3,0,0,76.1,33,33,318,67,10,2,7,24,0,6,61,0,1,3.89,4.37,1.19,124.2,108.7,1.69,0.65
127,이민우,20K,13,13,0,0,13,4,5,0,0,72.2,49,45,312,76,13,1,8,24,0,5,46,0,0,5.57,4.96,1.38,89.0,98.6,0.29,-0.92
128,소형준,20K,13,13,0,0,13,6,5,0,0,70.2,43,38,303,75,15,0,6,20,0,3,39,0,1,4.84,4.58,1.34,99.8,104.0,0.33,-0.93
129,최채흥,20삼,13,13,0,0,13,6,2,0,0,68.1,34,26,297,60,14,0,6,28,0,7,55,1,1,3.42,4.67,1.29,145.6,105.3,1.15,0.60
130,차우찬,20L,13,13,0,0,13,5,5,0,0,64.0,39,38,287,71,14,1,8,28,1,2,51,0,1,5.34,4.99,1.55,87.5,93.2,0.34,-0.01
131,김태훈,20S,13,13,0,0,8,1,5,0,0,46.1,30,30,203,41,11,0,4,28,0,3,26,0,6,5.83,5.61,1.49,82.3,86.6,0.30,-0.50
132,김윤식,20L,13,13,0,0,3,0,2,0,1,25.2,22,21,119,32,3,0,5,9,0,4,16,0,1,7.36,6.40,1.60,63.5,72.3,-0.31,-0.62
133,손동현,20K,13,13,0,0,0,0,0,0,1,11.0,7,7,47,12,2,0,3,4,0,0,9,0,3,5.73,6.60,1.46,84.4,71.4,0.09,0.14
134,오주원,20키,13,13,0,0,0,2,1,0,0,8.0,7,6,37,11,1,0,4,0,0,0,7,1,0,6.75,8.35,1.38,70.2,54.6,-0.14,-0.54
135,배제성,20K,12,12,0,0,12,5,2,0,0,70.0,33,32,309,73,17,0,7,33,0,1,46,1,4,4.11,5.04,1.51,117.4,94.4,1.37,0.89
136,플렉센,20두,12,12,0,0,12,4,3,0,0,64.0,29,27,270,61,11,0,3,21,2,1,59,0,3,3.80,3.30,1.28,123.4,142.2,1.39,0.01
137,노경은,20롯,12,12,1,0,11,4,3,0,0,63.0,36,34,262,65,13,1,10,15,1,0,35,0,2,4.86,5.22,1.27,100.2,92.6,0.59,-0.53
138,김진성,20N,12,12,0,0,0,0,0,0,0,11.0,6,6,49,14,2,0,2,2,0,0,17,0,1,4.91,3.42,1.46,99.8,144.1,0.17,-0.07
139,백정현,20삼,11,11,0,0,11,4,4,0,0,59.0,43,34,258,67,15,2,13,17,0,1,46,0,1,5.19,5.82,1.42,96.1,85.8,0.03,-0.87
140,김민,20K,11,11,0,0,6,3,3,0,0,29.1,29,26,146,32,2,0,4,22,0,4,19,0,3,7.98,6.74,1.84,60.6,70.4,-0.71,-0.98
141,홍성무,20N,11,11,0,0,0,0,0,1,0,15.0,22,21,82,21,3,0,3,13,0,1,12,0,1,12.60,7.40,2.27,38.9,65.7,-0.51,-0.12
142,김기훈,20K,11,11,0,0,1,0,1,0,1,15.0,9,9,63,16,1,0,1,4,0,1,15,0,1,5.40,3.47,1.33,91.9,142.0,0.19,-0.42
143,고우석,20L,11,11,0,0,0,0,0,4,1,9.0,10,8,48,15,6,0,1,4,0,1,8,0,2,8.00,4.93,2.11,58.5,94.6,-0.39,0.25
144,이준영,20K,11,11,0,0,0,0,1,0,1,5.0,9,9,33,14,3,1,1,5,0,0,3,0,0,16.20,8.00,3.80,30.6,61.1,-0.33,-0.39
145,정찬헌,20L,10,10,1,1,10,5,2,0,0,61.1,32,25,259,62,11,0,8,18,0,2,53,0,3,3.67,4.54,1.30,127.5,102.1,0.60,0.08
146,이민호,20L,10,10,0,0,8,3,2,0,0,51.0,16,14,221,41,6,0,1,23,1,7,37,1,3,2.47,4.11,1.26,189.3,115.7,1.81,0.75
147,샘슨,20롯,10,10,0,0,10,3,6,0,0,49.0,38,34,229,73,9,1,5,13,0,2,35,0,4,6.24,4.42,1.76,77.9,109.2,-0.47,-0.84
148,최성영,20N,10,10,0,0,9,2,1,0,0,48.1,27,26,211,47,12,0,8,26,0,2,20,0,2,4.84,6.66,1.51,101.2,72.9,0.54,-0.91
149,채드벨,20한,10,10,0,0,10,0,7,0,0,45.1,43,40,220,62,10,0,8,25,1,3,34,0,3,7.94,6.18,1.92,60.3,78.4,-0.77,-1.58
150,장민재,20한,10,10,0,0,6,2,4,0,0,28.2,28,28,146,53,12,2,4,6,0,2,18,0,1,8.79,4.99,2.06,54.5,96.9,-0.53,-1.50
151,김주한,20S,10,10,0,0,6,0,6,0,0,27.2,25,21,135,34,5,0,3,14,0,7,10,0,4,6.83,6.56,1.74,70.2,74.2,-0.58,-1.42
152,김영규,20N,10,10,0,0,4,0,1,0,1,25.1,23,21,116,38,5,0,8,4,0,0,18,1,2,7.46,6.76,1.66,65.7,72.7,-0.45,-0.55
153,조영건,20키,10,10,0,0,6,1,1,0,0,22.0,18,17,106,26,5,0,4,16,0,1,10,1,0,6.95,7.37,1.91,68.2,63.8,-0.41,-0.96
154,문성현,20키,10,10,0,0,2,1,1,0,0,15.0,7,7,63,13,1,0,1,11,0,0,13,0,0,4.20,4.93,1.60,112.9,96.0,0.29,0.03
155,하준호,20K,10,10,0,0,0,0,0,0,2,9.2,11,9,48,6,0,0,0,12,1,1,8,0,0,8.38,5.67,1.86,57.7,84.7,-0.25,-0.09
156,김현준,20K,10,10,0,0,0,0,0,0,0,9.0,17,17,53,16,4,2,1,10,1,1,7,0,0,17.00,6.82,2.89,29.2,71.3,-0.44,-0.06
157,장현식,20N,9,9,0,0,0,1,0,0,0,9.2,11,10,48,12,1,1,1,6,0,1,4,0,3,9.31,6.29,1.86,52.6,77.0,-0.18,-0.15
158,장필준,20삼,9,9,0,0,0,0,1,0,2,8.2,9,8,38,10,2,0,2,3,0,0,3,0,0,8.31,6.95,1.50,60.0,71.7,-0.17,-0.66
159,김성민,20키,9,9,0,0,0,0,0,0,0,8.1,12,10,42,11,1,0,3,4,0,1,6,0,1,10.80,8.64,1.80,43.9,53.6,-0.32,-0.40
160,신재웅,20S,9,9,0,0,0,1,0,0,0,7.1,7,7,33,11,2,1,3,4,0,0,8,0,0,8.59,8.37,2.05,55.8,59.2,-0.06,-0.04
161,브리검,20키,8,8,0,0,8,1,2,0,0,36.2,21,20,157,37,2,1,4,13,1,2,36,0,2,4.91,4.20,1.36,96.6,111.6,0.27,-0.10
162,라이블리,20삼,8,8,0,0,8,1,5,0,0,35.1,19,19,151,31,7,0,4,17,0,3,27,0,2,4.84,5.24,1.36,103.0,94.0,0.62,-0.48
163,조병욱,20K,8,8,0,0,4,0,1,0,0,27.0,20,20,121,35,4,0,4,11,0,0,10,0,0,6.67,6.01,1.70,72.5,79.0,-0.11,-0.50
164,김진욱,20한,8,8,0,0,2,1,2,1,0,14.1,9,9,66,18,2,0,4,9,0,2,15,0,1,5.65,7.44,1.88,84.7,65.2,0.11,-0.60
165,윤정현,20키,8,8,0,0,0,0,0,0,0,10.0,14,12,55,23,3,1,0,4,0,0,4,0,1,10.80,4.00,2.70,43.9,120.0,-0.33,-0.35
166,이대은,20K,8,8,0,0,0,0,3,1,0,8.0,11,8,42,13,2,0,3,3,2,1,4,0,2,9.00,8.22,2.00,53.7,57.4,-0.77,-2.27
167,임준섭,20한,8,8,0,0,1,0,2,0,1,7.1,10,10,42,17,5,0,1,4,0,0,4,0,0,12.27,5.92,2.86,39.0,82.0,-0.36,-0.21
168,김민규,20두,8,8,0,0,0,0,0,1,0,7.0,12,12,40,14,8,0,0,3,0,2,5,0,1,15.43,4.31,2.43,30.4,110.6,-0.32,0.08
169,김명찬,20K,8,8,0,0,0,0,1,0,1,3.1,1,1,18,3,2,0,0,4,0,0,6,0,1,2.70,3.60,2.10,183.8,137.2,0.13,-0.53
170,허윤동,20삼,7,7,0,0,7,2,1,0,0,26.1,16,15,127,29,5,0,3,20,0,2,13,1,0,5.13,6.60,1.86,97.2,74.5,0.23,-0.34
171,박종기,20두,7,7,0,0,5,1,2,0,0,25.0,15,15,111,27,6,0,3,14,0,0,17,0,1,5.40,5.48,1.64,86.8,84.9,0.22,0.11
172,강동호,20롯,7,7,0,0,0,1,0,0,0,11.0,9,9,51,13,1,0,3,6,0,0,8,0,0,7.36,7.33,1.73,66.1,66.0,-0.02,0.09
173,박진태,20K,7,7,0,0,0,0,0,0,0,9.2,14,14,54,17,2,0,5,9,0,2,7,0,0,13.03,12.29,2.69,38.1,40.0,-0.27,-0.10
174,이정용,20L,7,7,0,0,0,1,0,0,1,7.1,4,4,31,7,1,0,2,2,0,1,8,0,0,4.91,6.19,1.23,95.3,73.7,0.08,0.09
175,박정수,20K,7,7,0,0,0,0,0,0,1,7.1,3,3,28,5,2,1,1,4,0,1,5,0,0,3.68,6.05,1.23,134.8,80.8,0.19,-0.02
176,고효준,20롯,7,7,0,0,0,0,0,0,0,4.0,6,6,26,6,1,0,2,6,0,2,1,0,1,13.50,15.60,3.00,36.0,30.9,-0.19,-0.26
177,김유영,20롯,7,7,0,0,0,0,0,0,0,3.1,3,3,19,3,0,0,0,6,1,0,3,0,0,8.10,6.30,2.70,60.1,76.2,-0.03,-0.27
178,김이환,20한,6,6,0,0,5,1,3,0,0,23.2,18,18,114,27,6,0,4,19,0,1,16,0,0,6.85,6.98,1.94,70.0,69.5,0.00,-0.37
179,임규빈,20키,6,6,0,0,0,0,0,0,0,8.0,6,6,35,14,1,0,5,0,0,0,7,0,0,6.75,9.97,1.75,70.2,45.6,-0.00,0.00
180,최준용,20롯,6,6,0,0,0,0,0,0,0,7.0,2,2,29,8,3,0,0,1,0,0,6,0,1,2.57,2.31,1.29,189.2,208.0,0.18,0.01
181,이용찬,20두,5,5,0,0,5,1,3,0,0,26.2,25,25,125,41,8,0,7,6,0,0,15,0,1,8.44,6.56,1.76,55.6,69.5,-0.53,-0.74
182,장원삼,20롯,5,5,0,0,4,0,2,0,0,21.1,21,18,97,29,6,0,4,6,1,1,7,0,0,7.59,6.22,1.64,64.1,77.5,-0.47,-0.93
183,백승건,20S,5,5,0,0,3,0,3,0,0,16.0,15,15,81,22,3,0,6,14,0,0,16,0,0,8.44,9.10,2.25,56.9,54.2,-0.26,-0.81
184,김현수,20K,5,5,0,0,0,0,0,0,0,7.0,10,10,43,15,2,2,1,8,0,1,0,0,1,12.86,9.31,3.29,38.6,52.1,-0.19,-0.09
185,최영환,20롯,5,5,0,0,0,0,0,0,0,6.2,5,5,33,12,2,0,3,2,0,1,4,0,1,6.75,9.60,2.10,72.1,50.4,0.02,-0.23
186,윤형배,20한,5,5,0,0,0,0,1,0,0,5.1,4,3,24,5,1,0,2,4,1,0,2,0,1,5.06,9.41,1.69,94.6,51.5,0.02,-0.38
187,김건국,20롯,5,5,0,0,0,0,0,0,0,5.1,1,1,17,2,1,0,0,0,0,0,7,0,0,1.69,0.97,0.38,288.3,495.5,0.16,0.03
188,신재영,20키,5,5,0,0,0,0,0,0,0,4.1,6,5,27,11,2,1,2,2,0,0,1,0,0,10.38,10.52,3.00,45.6,44.0,-0.17,-0.02
189,류희운,20K,5,5,0,0,0,0,1,0,0,4.0,7,7,20,6,1,0,1,4,0,0,4,0,1,15.75,7.85,2.50,30.7,60.3,-0.20,-0.38
190,이강준,20K,4,4,0,0,0,0,0,0,0,5.2,4,4,33,9,1,1,1,5,0,3,3,0,0,6.35,9.07,2.47,76.1,52.0,0.03,-0.05
191,문대원,20두,4,4,0,0,0,0,0,0,0,5.2,9,6,30,12,3,0,2,2,0,0,0,0,0,9.53,9.25,2.47,49.2,49.4,-0.21,-0.12
192,조제영,20두,4,4,0,0,1,0,1,0,0,5.0,7,7,27,5,1,0,1,7,0,1,6,0,1,12.60,8.60,2.40,37.2,53.9,-0.25,-0.40
193,변진수,20K,4,4,0,0,0,1,0,0,0,5.0,4,2,25,8,1,0,0,3,0,0,1,0,0,3.60,5.00,2.20,137.8,96.6,0.01,0.01
194,이승진,20두,4,4,0,0,1,0,1,0,0,4.2,7,7,26,7,3,0,1,5,0,0,4,0,0,13.50,7.88,2.57,34.7,58.5,-0.23,-0.28
195,문광은,20L,4,4,0,0,0,0,0,0,0,4.0,5,5,21,7,3,1,1,2,0,0,4,0,0,11.25,6.35,2.25,41.6,72.1,-0.08,-0.00
196,김동혁,20키,4,4,0,0,0,0,1,0,0,3.1,3,3,16,4,0,1,0,1,0,1,5,0,1,8.10,2.40,1.50,58.5,200.5,-0.02,-0.12
197,이창재,20K,4,4,0,0,0,0,0,0,1,3.1,1,0,15,3,0,0,0,1,0,0,2,0,0,0.00,3.30,1.20,146.0,0.08,0.07,
198,김정후,20키,4,4,0,0,0,0,0,0,0,3.0,4,4,20,7,0,0,1,4,0,0,3,0,0,12.00,9.93,3.67,39.5,46.9,-0.11,-0.19
199,이재익,20삼,4,4,0,0,0,0,0,0,0,0.2,11,10,13,8,3,0,2,2,0,0,1,0,0,135.00,48.60,15.00,3.7,10.5,-0.43,-0.04
200,윤성환,20삼,3,3,1,0,3,0,2,0,0,12.0,10,8,54,14,2,2,0,5,0,1,1,0,0,6.00,4.93,1.58,83.1,98.1,-0.14,-0.33
201,서덕원,20K,3,3,0,0,0,0,0,0,0,3.2,2,2,18,4,0,0,1,2,0,1,2,0,0,4.91,8.51,1.64,101.1,57.6,0.05,-0.01
202,김성훈,20K,3,3,0,0,0,0,0,0,0,3.0,1,1,13,1,0,0,0,4,0,0,3,0,0,3.00,5.60,1.67,161.1,85.6,0.06,-0.01
203,박주홍,20한,3,3,0,0,0,0,0,0,0,2.2,3,2,14,5,2,0,0,0,0,0,4,0,1,6.75,0.60,1.88,70.9,784.1,-0.03,-0.08
204,홍성민,20N,3,3,0,0,0,0,0,0,1,2.2,0,0,8,0,0,0,0,1,0,0,1,0,0,0.00,3.97,0.38,120.8,0.13,0.09,
205,금민철,20K,3,3,0,0,0,0,0,0,0,2.1,4,4,15,6,1,0,0,1,0,2,2,0,0,15.43,5.74,3.00,31.3,81.9,-0.12,-0.13
206,이교훈,20두,3,3,0,0,0,0,0,0,0,2.1,5,4,14,3,1,0,1,3,0,0,1,0,0,15.43,12.17,2.57,30.4,37.6,-0.15,-0.03
207,김대유,20L,3,3,0,0,0,0,0,0,0,2.1,6,6,14,5,1,0,0,1,0,1,1,0,0,23.14,5.31,2.57,20.2,90.1,-0.20,-0.04
208,박주성,20키,3,3,0,0,0,0,0,0,0,2.0,1,1,11,2,0,0,0,3,0,0,1,0,0,4.50,7.10,2.50,105.3,67.4,0.03,0.01
209,박승주,20키,3,3,0,0,0,0,1,0,0,1.2,5,5,13,5,0,0,0,3,0,0,1,0,0,27.00,7.80,4.80,17.6,61.4,-0.33,-0.36
210,정용운,20L,3,3,0,0,0,0,0,0,0,1.2,3,3,9,3,1,0,0,1,0,0,3,0,0,16.20,1.80,2.40,28.9,263.2,-0.09,0.00
211,이영재,20L,3,3,0,0,0,0,0,0,0,1.0,4,4,10,3,1,0,0,4,0,0,1,0,0,36.00,13.60,7.00,13.0,34.8,-0.16,-0.02
212,킹엄,20S,2,2,0,0,2,0,2,0,0,10.2,11,8,52,16,4,0,1,4,0,0,6,0,1,6.75,4.82,1.88,71.1,101.0,-0.31,-0.55
213,김진호,20N,2,2,0,0,2,0,0,0,0,7.1,4,4,35,6,0,0,1,7,0,0,7,0,1,4.91,6.33,1.77,99.8,76.6,0.08,-0.22
214,이승민,20삼,2,2,0,0,1,0,1,0,0,5.2,7,7,31,8,2,0,1,9,0,0,4,0,0,11.12,9.25,3.00,44.8,53.3,-0.17,-0.27
215,남재현,20K,2,2,0,0,0,0,0,0,0,4.0,2,2,18,4,0,1,0,3,0,0,3,0,0,4.50,4.35,1.75,110.3,111.7,0.08,0.00
216,신민혁,20N,2,2,0,0,0,0,0,0,0,3.2,1,1,13,3,0,0,1,0,0,0,3,0,0,2.45,5.51,0.82,199.6,89.3,0.17,0.11
217,윤규진,20한,2,2,0,0,0,0,0,0,0,3.2,5,3,19,7,0,0,1,1,0,0,4,0,0,7.36,5.78,2.18,65.0,84.0,-0.09,-0.05
218,이상동,20K,2,2,0,0,0,0,0,0,0,3.1,6,6,22,11,5,0,0,2,0,0,2,0,1,16.20,4.20,3.90,29.8,114.4,-0.14,-0.05
219,박신지,20두,2,2,0,0,0,0,0,0,0,3.0,6,6,18,9,3,1,0,1,0,0,3,0,1,18.00,2.60,3.33,26.0,183.9,-0.14,-0.00
220,서동민,20S,2,2,0,0,0,0,0,0,0,2.1,2,2,10,3,0,0,1,0,0,0,0,0,0,7.71,9.17,1.29,62.2,53.9,-0.00,0.00
221,이선우,20K,2,2,0,0,0,0,0,0,0,2.0,3,3,13,6,1,0,1,1,0,0,1,0,0,13.50,10.60,3.50,35.8,44.2,-0.07,-0.07
222,김찬호,20S,2,2,0,0,0,0,0,0,0,2.0,3,3,11,4,0,0,1,2,0,0,1,0,0,13.50,12.10,3.00,35.5,40.8,-0.06,-0.00
223,유원석,20L,2,2,0,0,0,0,0,0,0,1.2,0,0,9,1,1,0,0,3,0,0,2,0,0,0.00,6.60,2.40,71.9,0.07,0.00,
224,백인식,20L,2,2,0,0,0,0,0,0,0,1.1,3,3,8,4,1,0,1,0,0,0,0,0,0,20.25,13.35,3.00,23.1,33.7,-0.08,-0.01
225,이찬혁,20L,2,2,0,0,0,0,0,0,0,1.1,2,2,9,2,0,0,1,2,0,1,0,0,1,13.50,20.10,3.00,34.6,22.9,-0.05,0.00
226,김명신,20두,2,2,0,0,0,0,0,0,0,1.1,1,1,9,4,1,0,0,1,0,0,2,0,0,6.75,2.85,3.75,69.4,166.4,0.00,-0.01
227,박명현,20롯,2,2,0,0,0,0,0,0,0,0.2,2,2,6,3,1,0,0,1,0,0,0,0,1,27.00,8.10,6.00,18.0,59.3,-0.08,-0.02
228,정대현,20키,1,1,0,0,1,0,0,0,0,2.2,3,3,13,5,1,0,1,0,0,0,3,0,0,10.13,6.22,1.88,46.8,73.2,-0.09,-0.16
229,이승헌,20롯,1,1,0,0,1,0,0,0,0,2.1,3,0,10,1,0,0,0,1,0,0,1,0,0,0.00,4.03,0.86,119.4,-0.13,-0.01,
230,배민서,20N,1,1,0,0,0,0,0,0,0,2.0,2,2,10,4,1,0,1,1,0,0,1,0,0,9.00,10.60,2.50,54.4,46.3,-0.01,-0.00
231,정태승,20롯,1,1,0,0,0,0,0,0,0,1.2,4,4,11,4,1,0,1,2,0,0,1,0,0,21.60,13.80,3.60,22.5,35.1,-0.15,-0.11
232,한승주,20한,1,1,0,0,1,0,0,0,0,1.2,3,3,10,3,0,0,1,2,0,0,2,0,0,16.20,12.60,3.00,29.6,38.6,-0.14,-0.22
233,김선기,20키,1,1,0,0,0,0,0,0,0,1.1,1,1,7,2,0,0,0,1,0,1,0,0,0,6.75,8.10,2.25,70.2,59.7,0.01,-0.01
234,황동재,20삼,1,1,0,0,0,0,0,0,0,1.1,8,8,16,8,2,0,1,4,0,0,3,0,0,54.00,17.85,9.00,9.2,28.1,-0.35,-0.33
235,한선태,20L,1,1,0,0,0,0,0,0,0,1.0,2,2,7,3,0,0,0,2,0,0,0,0,1,18.00,9.60,5.00,26.0,49.6,-0.06,-0.00
236,차재용,20키,1,1,0,0,0,0,0,0,0,1.0,0,0,3,0,0,0,0,0,0,0,0,0,0,0.00,3.60,0.00,133.7,0.04,0.01,
237,김승범,20K,1,1,0,0,0,0,0,0,0,1.0,1,1,5,1,0,0,0,2,0,0,0,0,1,9.00,9.60,3.00,55.1,50.3,-0.01,0.00
238,노시환,20한,1,1,0,0,0,0,0,0,0,1.0,2,2,5,1,0,0,1,0,0,1,0,0,0,18.00,19.60,1.00,26.6,24.8,-0.05,0.00
239,한승혁,20롯,1,1,0,0,0,1,0,0,0,0.2,0,0,3,1,0,0,0,0,0,0,0,0,0,0.00,3.60,1.50,133.7,0.03,-0.01,
240,박세진,20K,1,1,0,0,0,0,0,0,0,0.1,4,4,5,2,0,0,0,1,0,1,0,0,0,108.00,21.60,9.00,4.5,21.7,-0.15,-0.01
241,황윤호,20K,1,1,0,0,0,0,0,0,0,0.1,0,0,1,0,0,0,0,0,0,0,0,0,0,0.00,3.60,0.00,133.7,0.01,0.00,
242,한승지,20K,1,1,0,0,0,0,0,0,0,0.0,4,4,6,4,1,0,0,1,0,1,0,0,0,0.00,-0.02,,,,,
243,임형원,20N,1,1,0,0,0,0,0,0,0,0.0,1,1,1,1,0,0,0,0,0,0,0,0,0,0.00,-0.01,,,,,
244,이동원,20두,1,1,0,0,0,0,0,0,0,0.0,2,2,2,0,0,0,0,2,0,0,0,0,0,0.00,-0.00,,,,,
